{"cameraMode":{"drawMode":0,"name":"Shaded","section":"Shading Mode"},"sceneLighting":false,"audioPlay":false,"sceneViewState":{"m_AlwaysRefresh":false,"showFog":true,"showSkybox":false,"showFlares":true,"showImageEffects":true,"showParticleSystems":true,"showVisualEffectGraphs":true,"m_FxEnabled":true},"in2DMode":false,"pivot":{"x":0.39087191224098208,"y":-0.04389244318008423,"z":0.6178127527236939},"rotation":{"x":-0.006704159080982208,"y":-0.8515764474868774,"z":-0.5240892171859741,"w":0.010893412865698338},"size":0.9702978134155273,"orthographic":false}